a561d2e627f020,c561d2e627f076,e561d2e627f124,f561d2e627f17a,a561d2e627f321,d561d2e627f3ce,e561d2e627f425
a561d2e627f68a,c561d2e627f6e0,e561d2e627f775,f561d2e627f7d1,a561d2e627f99f,d561d2e627fa2f,e561d2e627fa78
a561d2e627fca4,c561d2e627fcfa,e561d2e627fda7,f561d2e627fdfe,a561d2e627ffa6,d561d2e628003b,e561d2e6280089
a561d2e62802da,c561d2e6280331,e561d2e62803d5,f561d2e6280422,a561d2e62806b1,d561d2e6280759,e561d2e62807ab
a561d2e62809eb,c561d2e6280a47,e561d2e6280aeb,f561d2e6280b3b,a561d2e6280cdd,d561d2e6280d7b,e561d2e6280dcd
a561d2e6281008,c561d2e628105e,e561d2e6281104,f561d2e6281158,a561d2e62812f0,d561d2e62813a2,e561d2e62813f4
a561d2e628162f,c561d2e6281685,e561d2e628172b,f561d2e6281780,a561d2e6281951,d561d2e62819fe,e561d2e6281a55
a561d2e6281cae,c561d2e6281cf7,e561d2e6281da7,f561d2e6281df8,a561d2e6281fab,d561d2e6282065,e561d2e62820bb
a561d2e6282317,c561d2e628236e,e561d2e6282411,f561d2e6282467,a561d2e6282614,d561d2e62826b8,e561d2e628270e
a561d2e6282920,c561d2e6282976,e561d2e6282a19,f561d2e6282a70,a561d2e6282c18,d561d2e6282cc4,e561d2e6282d1b
a561d2e6282f71,c561d2e6282fc5,e561d2e6283072,f561d2e62830ca,a561d2e628327b,d561d2e6283328,e561d2e6283376
a561d2e62835cf,c561d2e6283623,e561d2e62836cf,f561d2e6283724,a561d2e62838d5,d561d2e6283982,e561d2e62839d0
a561d2e6283c1a,c561d2e6283c6a,e561d2e6283d18,f561d2e6283d6d,a561d2e6283f15,d561d2e6283fc8,e561d2e628401e
a561d2e6284273,c561d2e62842ca,e561d2e628436e,f561d2e62843c3,a561d2e6284573,d561d2e6284618,e561d2e6284671
a561d2e62848c8,c561d2e628491e,e561d2e62849d2,f561d2e6284a27,a561d2e6284bb5,d561d2e6284c62,e561d2e6284cb1
a561d2e6284f0d,c561d2e6284f64,e561d2e6285011,f561d2e6285068,a561d2e6285219,d561d2e62852bc,e561d2e6285312
a561d2e6285567,c561d2e62855bd,e561d2e6285660,f561d2e62856ae,a561d2e628585e,d561d2e628590b,e561d2e6285959
a561d2e6285bbb,c561d2e6285bfd,e561d2e6285ca9,f561d2e6285cfc,a561d2e6285ec2,d561d2e6285f70,e561d2e6285fc7
a561d2e6286211,c561d2e6286271,e561d2e6286317,f561d2e6286371,a561d2e6286517,d561d2e62865c6,e561d2e628661a
a561d2e6286866,c561d2e62868bb,e561d2e628695f,f561d2e62869b5,a561d2e6286b5d,d561d2e6286c01,e561d2e6286c5b
a561d2e6286eaf,c561d2e6286f06,e561d2e6286fb6,f561d2e628700c,a561d2e62871c9,d561d2e6287273,e561d2e62872c9
a561d2e6287528,c561d2e6287581,e561d2e628762c,f561d2e628768d,a561d2e628783e,d561d2e62878e2,e561d2e6287937
a561d2e6287b96,c561d2e6287bed,e561d2e6287c8f,f561d2e6287ce7,a561d2e6287e8e,d561d2e6287f3b,e561d2e6287f91
a561d2e62881ec,c561d2e6288241,e561d2e62882e4,f561d2e628833b,a561d2e62884ef,d561d2e628859b,e561d2e62885f1
a561d2e6288845,c561d2e628889c,e561d2e6288945,f561d2e628899b,a561d2e6288b5b,d561d2e6288c09,e561d2e6288c5f
a561d2e6288eb4,c561d2e6288f09,e561d2e6288fc1,f561d2e628900f,a561d2e62891bf,d561d2e628926c,e561d2e62892ba
a561d2e6289517,c561d2e628956e,e561d2e6289611,f561d2e6289667,a561d2e6289819,d561d2e62898c6,e561d2e6289914
a561d2e6289b7b,c561d2e6289bd1,e561d2e6289c76,f561d2e6289ccb,a561d2e6289e65,d561d2e6289ef1,e561d2e6289f40
a561d2e628a193,c561d2e628a1e9,e561d2e628a272,f561d2e628a2ca,a561d2e628a48a,d561d2e628a52f,e561d2e628a584
a561d2e628a7de,c561d2e628a834,e561d2e628a8d7,f561d2e628a92e,a561d2e628aada,d561d2e628ab87,e561d2e628abd5
a561d2e628ae37,c561d2e628ae8e,e561d2e628af31,f561d2e628af88,a561d2e628b12e,d561d2e628b1e1,e561d2e628b23c
a561d2e628b48d,c561d2e628b4e2,e561d2e628b585,f561d2e628b5dd,a561d2e628b78d,d561d2e628b832,e561d2e628b887
a561d2e628bad2,c561d2e628bb28,e561d2e628bbe0,f561d2e628bc2d,a561d2e628bdd4,d561d2e628be80,e561d2e628bec6
a561d2e628c130,c561d2e628c187,e561d2e628c22a,f561d2e628c281,a561d2e628c423,d561d2e628c4d0,e561d2e628c52c
a561d2e628c780,c561d2e628c7d7,e561d2e628c884,f561d2e628c8d2,a561d2e628ca81,d561d2e628cb2f,e561d2e628cb86
a561d2e628cde9,c561d2e628ce3f,e561d2e628cef2,f561d2e628cf49,a561d2e628d0f0,d561d2e628d19d,e561d2e628d1eb
a561d2e628d439,c561d2e628d48f,e561d2e628d53c,f561d2e628d593,a561d2e628d73a,d561d2e628d7df,e561d2e628d834
a561d2e628da8f,c561d2e628dae4,e561d2e628db88,f561d2e628dbde,a561d2e628dd85,d561d2e628de3d,e561d2e628de8e
a561d2e628e0f6,c561d2e628e14d,e561d2e628e1f0,f561d2e628e247,a561d2e628e407,d561d2e628e4b5,e561d2e628e50b
a561d2e628e763,c561d2e628e7bd,e561d2e628e868,f561d2e628e8bf,a561d2e628ea66,d561d2e628eb14,e561d2e628eb6a
a561d2e628edc8,c561d2e628ee1f,e561d2e628eec3,f561d2e628ef19,a561d2e628f0cb,d561d2e628f177,e561d2e628f1ce
a561d2e628f422,c561d2e628f479,e561d2e628f526,f561d2e628f574,a561d2e628f726,d561d2e628f7d1,e561d2e628f81f
a561d2e628fa77,c561d2e628fad9,e561d2e628fb85,f561d2e628fbe2,a561d2e628fd89,d561d2e628fe36,e561d2e628fe83
a561d2e62900e6,c561d2e6290143,e561d2e62901f2,f561d2e62902df,a561d2e6290537,d561d2e62905f6,e561d2e6290647
a561d2e62908ae,c561d2e6290906,e561d2e62909aa,f561d2e62909ff,a561d2e6290ba6,d561d2e6290c59,e561d2e6290caf
a561d2e6290f03,c561d2e6290f5a,e561d2e6291008,f561d2e629105e,a561d2e6291219,d561d2e62912c7,e561d2e6291314
a561d2e6291568,c561d2e62915be,e561d2e6291675,f561d2e62916c3,a561d2e6291869,d561d2e6291917,e561d2e629196d
a561d2e6291bcb,c561d2e6291c22,e561d2e6291cc7,f561d2e6291d1c,a561d2e6291ecd,d561d2e6291f8e,e561d2e6291fe5
a561d2e6292265,c561d2e62922ba,e561d2e6292366,f561d2e62923b4,a561d2e6292564,d561d2e6292612,e561d2e6292668
a561d2e62928c2,c561d2e629291e,e561d2e62929c2,f561d2e6292a17,a561d2e6292bc9,d561d2e6292c76,e561d2e6292ccc
a561d2e6292f21,c561d2e6292f81,e561d2e629302e,f561d2e629307c,a561d2e6293222,d561d2e62932cf,e561d2e6293326
a561d2e629357f,c561d2e62935d9,e561d2e629367e,f561d2e62936d5,a561d2e6293886,d561d2e6293933,e561d2e6293990
a561d2e6293bea,c561d2e6293c3f,e561d2e6293ce2,f561d2e6293d39,a561d2e6293ef4,d561d2e6293f99,e561d2e6293fee
a561d2e6294249,c561d2e629429f,e561d2e6294351,f561d2e62943a7,a561d2e629454f,d561d2e62945fc,e561d2e6294653
a561d2e62948b1,c561d2e6294907,e561d2e62949b5,f561d2e6294a0c,a561d2e6294bb2,d561d2e6294c5c,e561d2e6294cb1
a561d2e6294f0f,c561d2e6294f66,e561d2e6295015,f561d2e6295070,a561d2e6295220,d561d2e62952c3,e561d2e6295322
a561d2e629556e,c561d2e62955c5,e561d2e6295668,f561d2e62956be,a561d2e6295870,d561d2e629591e,e561d2e6295974
a561d2e6295bbf,c561d2e6295c14,e561d2e6295cbe,f561d2e6295d13,a561d2e6295eca,d561d2e6295f77,e561d2e6295fd0
a561d2e629623c,c561d2e6296292,e561d2e6296336,f561d2e629638c,a561d2e6296533,d561d2e62965e0,e561d2e629662f
a561d2e6296882,c561d2e62968d8,e561d2e629697c,f561d2e62969d1,a561d2e6296b7a,d561d2e6296c26,e561d2e6296c7c
a561d2e6296ed1,c561d2e6296f28,e561d2e6296fca,f561d2e6297027,a561d2e62971c9,d561d2e6297276,e561d2e62972cc
a561d2e6297530,c561d2e6297586,e561d2e629762a,f561d2e6297680,a561d2e629782c,d561d2e62978da,e561d2e6297931
a561d2e6297b8f,c561d2e6297be5,e561d2e6297c92,f561d2e6297ce9,a561d2e6297e90,d561d2e6297f49,e561d2e6297f9e
a561d2e62981ea,c561d2e629823f,e561d2e62982ed,f561d2e6298343,a561d2e62984ef,d561d2e62985a3,e561d2e62985f8
a561d2e629884d,c561d2e62988a4,e561d2e6298956,f561d2e62989ad,a561d2e6298b68,d561d2e6298c1f,e561d2e6298c76
a561d2e6298ee9,c561d2e6298f3f,e561d2e6298fe2,f561d2e6299039,a561d2e62991d9,d561d2e6299283,e561d2e62992da
a561d2e6299534,c561d2e6299594,e561d2e6299637,f561d2e6299686,a561d2e6299834,d561d2e62998de,e561d2e6299934
a561d2e6299b93,c561d2e6299be9,e561d2e6299c96,f561d2e6299ced,a561d2e6299ea3,d561d2e6299f4a,e561d2e6299f9d
a561d2e629a1e2,c561d2e629a239,e561d2e629a2f3,f561d2e629a347,a561d2e629a503,d561d2e629a5af,e561d2e629a606
a561d2e629a85b,c561d2e629a8b1,e561d2e629a95e,f561d2e629a9b6,a561d2e629ab5c,d561d2e629ac00,e561d2e629ac55
a561d2e629ae7c,c561d2e629aed3,e561d2e629af77,f561d2e629afcc,a561d2e629b17e,d561d2e629b22b,e561d2e629b282
a561d2e629b4e5,c561d2e629b53c,e561d2e629b5e9,f561d2e629b637,a561d2e629b7e7,d561d2e629b89f,e561d2e629b8f5
a561d2e629bb54,c561d2e629bbaa,e561d2e629bc58,f561d2e629bcae,a561d2e629be74,d561d2e629bf18,e561d2e629bf6d
a561d2e629c1c2,c561d2e629c218,e561d2e629c2ca,f561d2e629c318,a561d2e629c4bf,d561d2e629c56c,e561d2e629c5c2
a561d2e629c803,c561d2e629c859,e561d2e629c906,f561d2e629c95d,a561d2e629cb04,d561d2e629cbb1,e561d2e629cc08
a561d2e629ce62,c561d2e629ceb8,e561d2e629cf65,f561d2e629cfbc,a561d2e629d164,d561d2e629d20f,e561d2e629d267
a561d2e629d4ba,c561d2e629d511,e561d2e629d5bf,f561d2e629d616,a561d2e629d7d6,d561d2e629d87a,e561d2e629d8d0
a561d2e629db25,c561d2e629db85,e561d2e629dc31,f561d2e629dc89,a561d2e629de30,d561d2e629dedd,e561d2e629df34
a561d2e629e192,c561d2e629e1e9,e561d2e629e2a6,f561d2e629e2f7,a561d2e629e4b3,d561d2e629e565,e561d2e629e5bb
a561d2e629e807,c561d2e629e85c,e561d2e629e8ff,f561d2e629e956,a561d2e629eb0a,d561d2e629ebb9,e561d2e629ec07
a561d2e629ee6b,c561d2e629eec5,e561d2e629ef78,f561d2e629efcf,a561d2e629f175,d561d2e629f223,e561d2e629f279
a561d2e629f4e7,c561d2e629f53f,e561d2e629f5e2,f561d2e629f638,a561d2e629f7df,d561d2e629f88c,e561d2e629f8e2
a561d2e629fb3d,c561d2e629fb92,e561d2e629fc4f,f561d2e629fc9e,a561d2e629fe42,d561d2e629fefa,e561d2e629ff51
a561d2e62a01a5,c561d2e62a01fc,e561d2e62a029e,f561d2e62a02f6,a561d2e62a04b1,d561d2e62a055e,e561d2e62a05b5
a561d2e62a080b,c561d2e62a086b,e561d2e62a0918,f561d2e62a096e,a561d2e62a0b16,d561d2e62a0bbc,e561d2e62a0c0f
a561d2e62a0e6d,c561d2e62a0ec6,e561d2e62a0f71,f561d2e62a0fc9,a561d2e62a1183,d561d2e62a1228,e561d2e62a1282
a561d2e62a14d6,c561d2e62a152d,e561d2e62a15e1,f561d2e62a1636,a561d2e62a17f2,d561d2e62a1896,e561d2e62a18ec
a561d2e62a1b42,c561d2e62a1b9b,e561d2e62a1c49,f561d2e62a1ca5,a561d2e62a1e55,d561d2e62a1f03,e561d2e62a1f51
a561d2e62a21a9,c561d2e62a21ff,e561d2e62a22ac,f561d2e62a22fa,a561d2e62a24bb,d561d2e62a257b,e561d2e62a25d1
a561d2e62a2822,c561d2e62a2877,e561d2e62a2925,f561d2e62a2973,a561d2e62a2b28,d561d2e62a2bda,e561d2e62a2c28
a561d2e62a2e72,c561d2e62a2ec7,e561d2e62a2f6a,f561d2e62a2fc1,a561d2e62a3168,d561d2e62a3216,e561d2e62a326c
a561d2e62a34d0,c561d2e62a3526,e561d2e62a35da,f561d2e62a362f,a561d2e62a37d7,d561d2e62a3883,e561d2e62a38da
a561d2e62a3b3d,c561d2e62a3b94,e561d2e62a3c42,f561d2e62a3c99,a561d2e62a3e4f,d561d2e62a3efd,e561d2e62a3f53
a561d2e62a41bb,c561d2e62a4212,e561d2e62a42b5,f561d2e62a430c,a561d2e62a44b4,d561d2e62a4561,e561d2e62a45b7
a561d2e62a480c,c561d2e62a4862,e561d2e62a48f8,f561d2e62a4be0,a561d2e62a4d99,d561d2e62a4e46,e561d2e62a4e9d
a561d2e62a50fc,c561d2e62a5158,e561d2e62a51f9,f561d2e62a5248,a561d2e62a53f8,d561d2e62a549c,e561d2e62a54f2
a561d2e62a5751,c561d2e62a57a7,e561d2e62a5855,f561d2e62a58aa,a561d2e62a5a5c,d561d2e62a5b09,e561d2e62a5b6a
a561d2e62a5dbf,c561d2e62a5e15,e561d2e62a5eb8,f561d2e62a5f0f,a561d2e62a60c0,d561d2e62a6165,e561d2e62a61ba
a561d2e62a6405,c561d2e62a645f,e561d2e62a6530,f561d2e62a6587,a561d2e62a674d,d561d2e62a67fa,e561d2e62a6851
a561d2e62a6ab6,c561d2e62a6b0b,e561d2e62a6bae,f561d2e62a6c05,a561d2e62a6dac,d561d2e62a6e50,e561d2e62a6ea6
a561d2e62a70ff,c561d2e62a7156,e561d2e62a71f9,f561d2e62a724f,a561d2e62a73f4,d561d2e62a74a9,e561d2e62a74ff
a561d2e62a774b,c561d2e62a77a0,e561d2e62a784d,f561d2e62a78a4,a561d2e62a7a56,d561d2e62a7b03,e561d2e62a7b59
a561d2e62a7db8,c561d2e62a7e10,e561d2e62a7ebc,f561d2e62a7f09,a561d2e62a80ba,d561d2e62a8167,e561d2e62a81be
a561d2e62a841c,c561d2e62a8472,e561d2e62a8526,f561d2e62a857d,a561d2e62a8723,d561d2e62a87d0,e561d2e62a8829
a561d2e62a8a9a,c561d2e62a8af0,e561d2e62a8b9d,f561d2e62a8bf7,a561d2e62a8db5,d561d2e62a8e62,e561d2e62a8eb0
a561d2e62a9114,c561d2e62a916e,e561d2e62a9220,f561d2e62a9278,a561d2e62a941e,d561d2e62a94cb,e561d2e62a9522
a561d2e62a977b,c561d2e62a97d2,e561d2e62a9889,f561d2e62a98df,a561d2e62a9a91,d561d2e62a9b46,e561d2e62a9ba1
a561d2e62a9e07,c561d2e62a9e5f,e561d2e62a9f0c,f561d2e62a9f59,a561d2e62aa109,d561d2e62aa1c1,e561d2e62aa218
a561d2e62aa46d,c561d2e62aa4c2,e561d2e62aa565,f561d2e62aa5bc,a561d2e62aa784,d561d2e62aa830,e561d2e62aa886
a561d2e62aaada,c561d2e62aab31,e561d2e62aabe3,f561d2e62aac39,a561d2e62aadeb,d561d2e62aae98,e561d2e62aaef1
a561d2e62ab152,c561d2e62ab1a9,e561d2e62ab257,f561d2e62ab2ad,a561d2e62ab459,d561d2e62ab507,e561d2e62ab55e
a561d2e62ab7c9,c561d2e62ab817,e561d2e62ab8b9,f561d2e62ab90f,a561d2e62abaae,d561d2e62abb59,e561d2e62abba8
a561d2e62abdf6,c561d2e62abe4c,e561d2e62abeef,f561d2e62abf40,a561d2e62ac0f1,d561d2e62ac18f,e561d2e62ac1e1
a561d2e62ac436,c561d2e62ac496,e561d2e62ac543,f561d2e62ac59a,a561d2e62ac71f,d561d2e62ac7c3,e561d2e62ac819
a561d2e62aca6d,c561d2e62acac4,e561d2e62acb67,f561d2e62acbbd,a561d2e62acd64,d561d2e62ace12,e561d2e62ace6e
a561d2e62ad0b9,c561d2e62ad10e,e561d2e62ad1b1,f561d2e62ad208,a561d2e62ad3b4,d561d2e62ad461,e561d2e62ad4b8
a561d2e62ad70c,c561d2e62ad763,e561d2e62ad80b,f561d2e62ad859,a561d2e62ada0f,d561d2e62adab3,e561d2e62adaf1
a561d2e62add40,c561d2e62add94,e561d2e62ade42,f561d2e62ade99,a561d2e62ae04a,d561d2e62ae0ee,e561d2e62ae143
a561d2e62ae394,c561d2e62ae3e9,e561d2e62ae496,f561d2e62ae4e4,a561d2e62ae652,d561d2e62ae717,e561d2e62ae76a
a561d2e62ae9ed,c561d2e62aea47,e561d2e62aeaf6,f561d2e62aeb4c,a561d2e62aecf8,d561d2e62aeda5,e561d2e62aedfc
a561d2e62af050,c561d2e62af0a7,e561d2e62af150,f561d2e62af1a5,a561d2e62af34d,d561d2e62af3fa,e561d2e62af448
a561d2e62af6a5,c561d2e62af6fc,e561d2e62af79f,f561d2e62af7f5,a561d2e62af9a7,d561d2e62afa54,e561d2e62afaa2
a561d2e62afd09,c561d2e62afd60,e561d2e62afe03,f561d2e62afe5a,a561d2e62b000c,d561d2e62b00b8,e561d2e62b010f
a561d2e62b035a,c561d2e62b03af,e561d2e62b0452,f561d2e62b04a9,a561d2e62b065f,d561d2e62b0704,e561d2e62b0759
a561d2e62b09b3,c561d2e62b0a0a,e561d2e62b0aad,f561d2e62b0b03,a561d2e62b0caa,d561d2e62b0d4f,e561d2e62b0da4
a561d2e62b1002,c561d2e62b1059,e561d2e62b1107,f561d2e62b115d,a561d2e62b1318,d561d2e62b13cb,e561d2e62b1418
a561d2e62b1666,c561d2e62b16bd,e561d2e62b1760,f561d2e62b17b7,a561d2e62b196c,d561d2e62b1a10,e561d2e62b1a66
a561d2e62b1cbb,c561d2e62b1d11,e561d2e62b1dbb,f561d2e62b1e10,a561d2e62b1fb8,d561d2e62b2065,e561d2e62b20bc
a561d2e62b2311,c561d2e62b2366,e561d2e62b240a,f561d2e62b2460,a561d2e62b25e2,d561d2e62b268c,e561d2e62b26e2
a561d2e62b292d,c561d2e62b29bd,e561d2e62b2a69,f561d2e62b2abf,a561d2e62b2c66,d561d2e62b2d14,e561d2e62b2d61
a561d2e62b2fbe,c561d2e62b3015,e561d2e62b30b8,f561d2e62b310e,a561d2e62b32b6,d561d2e62b3364,e561d2e62b33ba
a561d2e62b3610,c561d2e62b366c,e561d2e62b3717,f561d2e62b3765,a561d2e62b390c,d561d2e62b39ba,e561d2e62b3a11
a561d2e62b3c5a,c561d2e62b3cb0,e561d2e62b3d54,f561d2e62b3dae,a561d2e62b3f5f,d561d2e62b4004,e561d2e62b4059
a561d2e62b42bc,c561d2e62b4313,e561d2e62b43c1,f561d2e62b4411,a561d2e62b45be,d561d2e62b4663,e561d2e62b46b8
a561d2e62b4912,c561d2e62b4968,e561d2e62b4a0b,f561d2e62b4a61,a561d2e62b4c09,d561d2e62b4cc1,e561d2e62b4d17
a561d2e62b4f75,c561d2e62b4fcc,e561d2e62b507a,f561d2e62b50d0,a561d2e62b5282,d561d2e62b532f,e561d2e62b5385
a561d2e62b55d1,c561d2e62b5626,e561d2e62b56d9,f561d2e62b5726,a561d2e62b58cc,d561d2e62b5979,e561d2e62b59cf
a561d2e62b5c24,c561d2e62b5c7a,e561d2e62b5d28,f561d2e62b5d7f,a561d2e62b5f26,d561d2e62b5fca,e561d2e62b6020
a561d2e62b6274,c561d2e62b62cb,e561d2e62b6370,f561d2e62b63c4,a561d2e62b656d,d561d2e62b6618,e561d2e62b6667
a561d2e62b68ba,c561d2e62b690f,e561d2e62b699e,f561d2e62b69ec,a561d2e62b6bb3,d561d2e62b6c58,e561d2e62b6caf
a561d2e62b6ef1,c561d2e62b6f51,e561d2e62b6ffd,f561d2e62b704b,a561d2e62b71fc,d561d2e62b72ac,e561d2e62b72fd
a561d2e62b7555,c561d2e62b75aa,e561d2e62b7657,f561d2e62b76a6,a561d2e62b7855,d561d2e62b7903,e561d2e62b795b
a561d2e62b7bae,c561d2e62b7c04,e561d2e62b7ca9,f561d2e62b7cfd,a561d2e62b7eaf,d561d2e62b7f53,e561d2e62b7fa9
a561d2e62b8202,c561d2e62b8258,e561d2e62b8310,f561d2e62b8367,a561d2e62b850e,d561d2e62b85b2,e561d2e62b8608
a561d2e62b885b,c561d2e62b88b3,e561d2e62b895d,f561d2e62b89b2,a561d2e62b8b59,d561d2e62b8c06,e561d2e62b8c5c
a561d2e62b8ea8,c561d2e62b8efd,e561d2e62b8fab,f561d2e62b8ff8,a561d2e62b919e,d561d2e62b9258,e561d2e62b92ac
a561d2e62b94ed,c561d2e62b9543,e561d2e62b95f0,f561d2e62b963e,a561d2e62b97f3,d561d2e62b98a0,e561d2e62b98f6
a561d2e62b9b4b,c561d2e62b9ba4,e561d2e62b9c4e,f561d2e62b9c9d,a561d2e62b9e42,d561d2e62b9ef0,e561d2e62b9f46
a561d2e62ba192,c561d2e62ba1e9,e561d2e62ba294,f561d2e62ba2eb,a561d2e62ba49c,d561d2e62ba54a,e561d2e62ba5a0
a561d2e62ba7f1,c561d2e62ba846,e561d2e62ba8e9,f561d2e62ba940,a561d2e62baafd,d561d2e62baba3,e561d2e62babe3
a561d2e62bae13,c561d2e62bae67,e561d2e62baf15,f561d2e62baf71,a561d2e62bb11f,d561d2e62bb1ca,e561d2e62bb218
a561d2e62bb471,c561d2e62bb4c7,e561d2e62bb56a,f561d2e62bb5c0,a561d2e62bb772,d561d2e62bb81f,e561d2e62bb86c
a561d2e62bbacf,c561d2e62bbb25,e561d2e62bbbd3,f561d2e62bbc20,a561d2e62bbdc6,d561d2e62bbe7f,e561d2e62bbed4
a561d2e62bc12b,c561d2e62bc17b,e561d2e62bc228,f561d2e62bc27e,a561d2e62bc430,d561d2e62bc4d4,e561d2e62bc529
a561d2e62bc777,c561d2e62bc7ca,e561d2e62bc87d,f561d2e62bc8d3,a561d2e62bca7a,d561d2e62bcb1e,e561d2e62bcb74
a561d2e62bcdcd,c561d2e62bce24,e561d2e62bcec7,f561d2e62bcf1d,a561d2e62bd0c7,d561d2e62bd169,e561d2e62bd1be
a561d2e62bd40f,c561d2e62bd465,e561d2e62bd512,f561d2e62bd55f,a561d2e62bd71a,d561d2e62bd7c7,e561d2e62bd81d
a561d2e62bda73,c561d2e62bdac8,e561d2e62bdb6c,f561d2e62bdbc2,a561d2e62bdd6e,d561d2e62bde12,e561d2e62bde69
a561d2e62be0bd,c561d2e62be114,e561d2e62be1c0,f561d2e62be217,a561d2e62be3be,d561d2e62be46b,e561d2e62be4b9
a561d2e62be706,c561d2e62be763,e561d2e62be811,f561d2e62be866,a561d2e62bea0e,d561d2e62beabb,e561d2e62beb17
a561d2e62bed94,c561d2e62bedeb,e561d2e62bee98,f561d2e62beef0,a561d2e62bf0a4,d561d2e62bf149,e561d2e62bf19e
a561d2e62bf3e9,c561d2e62bf43f,e561d2e62bf4e3,f561d2e62bf53e,a561d2e62bf6e6,d561d2e62bf792,e561d2e62bf7e9
a561d2e62bfa48,c561d2e62bfa9d,e561d2e62bfb4b,f561d2e62bfb99,a561d2e62bfd3f,d561d2e62bfde3,e561d2e62bfe39
a561d2e62c009c,c561d2e62c00f3,e561d2e62c01a0,f561d2e62c01ee,a561d2e62c039e,d561d2e62c044b,e561d2e62c04a1
a561d2e62c06f1,c561d2e62c0747,e561d2e62c07f5,f561d2e62c084c,a561d2e62c09f7,d561d2e62c0a9c,e561d2e62c0af1
a561d2e62c0d3c,c561d2e62c0d91,e561d2e62c0e44,f561d2e62c0e9b,a561d2e62c1042,d561d2e62c10e7,e561d2e62c113c
a561d2e62c138c,c561d2e62c13e2,e561d2e62c148f,f561d2e62c14e5,a561d2e62c168f,d561d2e62c173a,e561d2e62c1788
a561d2e62c19d7,c561d2e62c1a2c,e561d2e62c1ada,f561d2e62c1b30,a561d2e62c1ce2,d561d2e62c1d86,e561d2e62c1ddb
a561d2e62c2026,c561d2e62c207c,e561d2e62c211f,f561d2e62c2176,a561d2e62c2353,d561d2e62c2402,e561d2e62c2458
a561d2e62c26a9,c561d2e62c26fe,e561d2e62c27b1,f561d2e62c280b,a561d2e62c29af,d561d2e62c2a52,e561d2e62c2aa9
a561d2e62c2ce4,c561d2e62c2d3a,e561d2e62c2ddd,f561d2e62c2e47,a561d2e62c2fef,d561d2e62c30a2,e561d2e62c30ef
a561d2e62c334d,c561d2e62c33a3,e561d2e62c3446,f561d2e62c349d,a561d2e62c364e,d561d2e62c36f7,e561d2e62c374d
a561d2e62c39a3,c561d2e62c39f8,e561d2e62c3aa0,f561d2e62c3aee,a561d2e62c3c94,d561d2e62c3d41,e561d2e62c3d8e
a561d2e62c3ff2,c561d2e62c4047,e561d2e62c40ea,f561d2e62c4141,a561d2e62c42e8,d561d2e62c438d,e561d2e62c43e2
a561d2e62c4631,c561d2e62c4687,e561d2e62c472b,f561d2e62c4782,a561d2e62c4940,d561d2e62c49e1,e561d2e62c4a37
a561d2e62c4c82,c561d2e62c4cd7,e561d2e62c4d85,f561d2e62c4dde,a561d2e62c4f8b,d561d2e62c503b,e561d2e62c5091
a561d2e62c52e5,c561d2e62c534f,e561d2e62c53ef,f561d2e62c5444,a561d2e62c55ec,d561d2e62c5699,e561d2e62c56f0
a561d2e62c594a,c561d2e62c599f,e561d2e62c5a4d,f561d2e62c5aa4,a561d2e62c5c50,d561d2e62c5cfd,e561d2e62c5d6b
a561d2e62c5fb4,c561d2e62c6008,e561d2e62c60ac,f561d2e62c6102,a561d2e62c62b4,d561d2e62c6361,e561d2e62c63b8
a561d2e62c661b,c561d2e62c6672,e561d2e62c6715,f561d2e62c676d,a561d2e62c6912,d561d2e62c69b7,e561d2e62c6a0c
a561d2e62c6c6b,c561d2e62c6cc1,e561d2e62c6d64,f561d2e62c6da4,a561d2e62c6f62,d561d2e62c7006,e561d2e62c705c
a561d2e62c72ac,c561d2e62c7302,e561d2e62c73a5,f561d2e62c73fc,a561d2e62c75a3,d561d2e62c7650,e561d2e62c76a6
a561d2e62c7905,c561d2e62c795c,e561d2e62c79ff,f561d2e62c7a55,a561d2e62c7c01,d561d2e62c7ca9,e561d2e62c7cfb
a561d2e62c7f50,c561d2e62c7fa6,e561d2e62c8059,f561d2e62c80a7,a561d2e62c824c,d561d2e62c82fa,e561d2e62c8347
a561d2e62c85b0,c561d2e62c85dc,e561d2e62c8685,f561d2e62c86d3,a561d2e62c8882,d561d2e62c8927,e561d2e62c897c
a561d2e62c8bd2,c561d2e62c8c33,e561d2e62c8ce2,f561d2e62c8d33,a561d2e62c8ee3,d561d2e62c8f8e,e561d2e62c8fe0
a561d2e62c9240,c561d2e62c9296,e561d2e62c9343,f561d2e62c9399,a561d2e62c9545,d561d2e62c95f3,e561d2e62c9640
a561d2e62c98a5,c561d2e62c98f9,e561d2e62c999f,f561d2e62c99f0,a561d2e62c9b95,d561d2e62c9c42,e561d2e62c9c90
a561d2e62c9ee1,c561d2e62c9f35,e561d2e62c9fe2,f561d2e62ca030,a561d2e62ca1df,d561d2e62ca297,e561d2e62ca2ed
a561d2e62ca551,c561d2e62ca5a8,e561d2e62ca64c,f561d2e62ca6a2,a561d2e62ca853,d561d2e62ca8f7,e561d2e62ca94d
a561d2e62caba4,c561d2e62cabf4,e561d2e62caca2,f561d2e62cacf6,a561d2e62cae98,d561d2e62caf4b,e561d2e62cafa1
a561d2e62cb1f7,c561d2e62cb24c,e561d2e62cb2f1,f561d2e62cb346,a561d2e62cb4f2,d561d2e62cb595,e561d2e62cb5eb
a561d2e62cb846,c561d2e62cb89b,e561d2e62cb93e,f561d2e62cb995,a561d2e62cbb3f,d561d2e62cbbea,e561d2e62cbc41
a561d2e62cbe90,c561d2e62cbee9,e561d2e62cbf94,f561d2e62cbfe2,a561d2e62cc191,d561d2e62cc236,e561d2e62cc28a
a561d2e62cc4df,c561d2e62cc540,e561d2e62cc5e4,f561d2e62cc63a,a561d2e62cc781,d561d2e62cc824,e561d2e62cc878
a561d2e62ccacc,c561d2e62ccb1c,e561d2e62ccbc8,f561d2e62ccc16,a561d2e62ccdbb,d561d2e62cce60,e561d2e62ccebb
a561d2e62cd10f,c561d2e62cd165,e561d2e62cd213,f561d2e62cd261,a561d2e62cd41a,d561d2e62cd4c8,e561d2e62cd51e
a561d2e62cd760,c561d2e62cd7b4,e561d2e62cd862,f561d2e62cd8bf,a561d2e62cda72,d561d2e62cdb19,e561d2e62cdb6f
a561d2e62cddc7,c561d2e62cde1e,e561d2e62cdec6,f561d2e62cdf1d,a561d2e62ce0c4,d561d2e62ce168,e561d2e62ce1bd
a561d2e62ce40e,c561d2e62ce463,e561d2e62ce508,f561d2e62ce55d,a561d2e62ce705,d561d2e62ce7ad,e561d2e62ce7fa
a561d2e62cea4e,c561d2e62ceaa4,e561d2e62ceb47,f561d2e62ceb9e,a561d2e62ced45,d561d2e62cedf3,e561d2e62cee42
a561d2e62cf09e,c561d2e62cf0f4,e561d2e62cf1a9,f561d2e62cf1fc,a561d2e62cf3b3,d561d2e62cf457,e561d2e62cf4ad
a561d2e62cf701,c561d2e62cf757,e561d2e62cf805,f561d2e62cf85b,a561d2e62cf9ff,d561d2e62cfab7,e561d2e62cfb0b
a561d2e62cfd57,c561d2e62cfdac,e561d2e62cfe51,f561d2e62cfea6,a561d2e62d004f,d561d2e62d00fa,e561d2e62d0152
a561d2e62d03a6,c561d2e62d03fc,e561d2e62d04a0,f561d2e62d04f6,a561d2e62d06ac,d561d2e62d0751,e561d2e62d07a5
a561d2e62d09f5,c561d2e62d0a56,e561d2e62d0b03,f561d2e62d0b5a,a561d2e62d0d02,d561d2e62d0da5,e561d2e62d0dfa
a561d2e62d1055,c561d2e62d10ab,e561d2e62d114f,f561d2e62d11a4,a561d2e62d134c,d561d2e62d13fe,e561d2e62d1454
a561d2e62d16ae,c561d2e62d1704,e561d2e62d17a7,f561d2e62d17fe,a561d2e62d19b0,d561d2e62d1a5c,e561d2e62d1ab3
a561d2e62d1cff,c561d2e62d1d54,e561d2e62d1dfc,f561d2e62d1e53,a561d2e62d200f,d561d2e62d20bc,e561d2e62d2113
a561d2e62d2368,c561d2e62d23bd,e561d2e62d2460,f561d2e62d24b7,a561d2e62d265f,d561d2e62d2703,e561d2e62d2758
a561d2e62d29c7,c561d2e62d2a1c,e561d2e62d2acd,f561d2e62d2b1d,a561d2e62d2cc4,d561d2e62d2d6f,e561d2e62d2dbd
a561d2e62d301f,c561d2e62d3076,e561d2e62d3129,f561d2e62d3180,a561d2e62d332b,d561d2e62d33d0,e561d2e62d3425
a561d2e62d3671,c561d2e62d36cb,e561d2e62d3778,f561d2e62d37c6,a561d2e62d397b,d561d2e62d3a20,e561d2e62d3a75
a561d2e62d3cd8,c561d2e62d3d2f,e561d2e62d3dd1,f561d2e62d3e2a,a561d2e62d3fda,d561d2e62d407e,e561d2e62d40d9
a561d2e62d432d,c561d2e62d4384,e561d2e62d4431,f561d2e62d4488,a561d2e62d4639,d561d2e62d46e6,e561d2e62d4734
a561d2e62d4999,c561d2e62d49f2,e561d2e62d4aa0,f561d2e62d4afc,a561d2e62d4cac,d561d2e62d4d59,e561d2e62d4db0
a561d2e62d4fff,c561d2e62d5056,e561d2e62d50f9,f561d2e62d514f,a561d2e62d5301,d561d2e62d53a5,e561d2e62d53fb
a561d2e62d5655,c561d2e62d56ab,e561d2e62d5752,f561d2e62d57a4,a561d2e62d594b,d561d2e62d5a03,e561d2e62d5a5a
a561d2e62d5ca5,c561d2e62d5cfa,e561d2e62d5da8,f561d2e62d5dff,a561d2e62d5fb0,d561d2e62d605d,e561d2e62d60ab
a561d2e62d62f5,c561d2e62d634a,e561d2e62d63fd,f561d2e62d6453,a561d2e62d6604,d561d2e62d66a9,e561d2e62d6701
a561d2e62d6963,c561d2e62d69b8,e561d2e62d6a67,f561d2e62d6abc,a561d2e62d6c6e,d561d2e62d6d1b,e561d2e62d6d72
a561d2e62d6fc6,c561d2e62d701d,e561d2e62d70ca,f561d2e62d7120,a561d2e62d72c9,d561d2e62d737b,e561d2e62d73d1
a561d2e62d7625,c561d2e62d767c,e561d2e62d772c,f561d2e62d777d,a561d2e62d7924,d561d2e62d79cf,e561d2e62d7a24
a561d2e62d7c63,c561d2e62d7cbf,e561d2e62d7d62,f561d2e62d7db3,a561d2e62d7f4b,d561d2e62d7fe8,e561d2e62d803b
a561d2e62d8285,c561d2e62d82d3,e561d2e62d8379,f561d2e62d83cf,a561d2e62d857c,d561d2e62d8635,e561d2e62d868c
a561d2e62d88e2,c561d2e62d8937,e561d2e62d89e4,f561d2e62d8a3c,a561d2e62d8bec,d561d2e62d8c91,e561d2e62d8cee
a561d2e62d8f32,c561d2e62d8f86,e561d2e62d9045,f561d2e62d9094,a561d2e62d9246,d561d2e62d92f4,e561d2e62d934a
a561d2e62d959f,c561d2e62d95f7,e561d2e62d96a3,f561d2e62d96f9,a561d2e62d98a0,d561d2e62d9945,e561d2e62d999a
a561d2e62d9bf9,c561d2e62d9c4f,e561d2e62d9cfc,f561d2e62d9d4a,a561d2e62d9efb,d561d2e62d9fa8,e561d2e62d9ffd
a561d2e62da25c,c561d2e62da2b3,e561d2e62da360,f561d2e62da3b7,a561d2e62da570,d561d2e62da61b,e561d2e62da671
a561d2e62da8bd,c561d2e62da91c,e561d2e62da9bf,f561d2e62daa16,a561d2e62dabc7,d561d2e62dac74,e561d2e62dacc2
a561d2e62daf20,c561d2e62daf76,e561d2e62db023,f561d2e62db071,a561d2e62db221,d561d2e62db2c5,e561d2e62db326
a561d2e62db57f,c561d2e62db5d5,e561d2e62db679,f561d2e62db6cf,a561d2e62db876,d561d2e62db919,e561d2e62db970
a561d2e62dbbc5,c561d2e62dbc1b,e561d2e62dbcc8,f561d2e62dbd23,a561d2e62dbed6,d561d2e62dbf79,e561d2e62dbfd0
a561d2e62dc238,c561d2e62dc28e,e561d2e62dc33b,f561d2e62dc389,a561d2e62dc539,d561d2e62dc5dd,e561d2e62dc63e
a561d2e62dc88f,c561d2e62dc8e3,e561d2e62dc986,f561d2e62dc9dd,a561d2e62dcb8d,d561d2e62dcc3a,e561d2e62dcc92
a561d2e62dcee6,c561d2e62dcf3c,e561d2e62dcfdf,f561d2e62dd036,a561d2e62dd1dd,d561d2e62dd281,e561d2e62dd2d7
a561d2e62dd528,c561d2e62dd57d,e561d2e62dd62f,f561d2e62dd67d,a561d2e62dd82e,d561d2e62dd8da,e561d2e62dd928
a561d2e62ddb85,c561d2e62ddbdc,e561d2e62ddc86,f561d2e62ddcdb,a561d2e62dde93,d561d2e62ddf3e,e561d2e62ddf8c
a561d2e62de1db,c561d2e62de230,e561d2e62de2d6,f561d2e62de32b,a561d2e62de4a4,d561d2e62de551,e561d2e62de5a8
a561d2e62de806,c561d2e62de85c,e561d2e62de90a,f561d2e62de958,a561d2e62deb03,d561d2e62deba7,e561d2e62debfc
a561d2e62dee47,c561d2e62deea7,e561d2e62def4b,f561d2e62defa0,a561d2e62df152,d561d2e62df1f7,e561d2e62df24c
a561d2e62df4ab,c561d2e62df501,e561d2e62df5aa,f561d2e62df600,a561d2e62df7b1,d561d2e62df864,e561d2e62df8ba
a561d2e62dfb0c,c561d2e62dfb60,e561d2e62dfc0d,f561d2e62dfc64,a561d2e62dfe1f,d561d2e62dfecc,e561d2e62dff23
a561d2e62e0164,c561d2e62e01ba,e561d2e62e026c,f561d2e62e02c3,a561d2e62e0489,d561d2e62e0535,e561d2e62e058d
a561d2e62e07f6,c561d2e62e084c,e561d2e62e08f8,f561d2e62e0950,a561d2e62e0af7,d561d2e62e0b9b,e561d2e62e0bf1
a561d2e62e0e46,c561d2e62e0e9b,e561d2e62e0f3f,f561d2e62e0f95,a561d2e62e113c,d561d2e62e11e9,e561d2e62e122a
a561d2e62e1477,c561d2e62e14cc,e561d2e62e156f,f561d2e62e15c6,a561d2e62e176e,d561d2e62e1820,e561d2e62e1876
a561d2e62e1ad6,c561d2e62e1b33,e561d2e62e1bdd,f561d2e62e1c2b,a561d2e62e1dd1,d561d2e62e1e7e,e561d2e62e1ecc
a561d2e62e2124,c561d2e62e217a,e561d2e62e2228,f561d2e62e2282,a561d2e62e2426,d561d2e62e24d3,e561d2e62e2530
a561d2e62e277a,c561d2e62e27d0,e561d2e62e287d,f561d2e62e28cb,a561d2e62e2a85,d561d2e62e2b2a,e561d2e62e2b8d
a561d2e62e2dde,c561d2e62e2e33,e561d2e62e2ee1,f561d2e62e2f3d,a561d2e62e30e4,d561d2e62e3188,e561d2e62e31de
a561d2e62e343c,c561d2e62e3493,e561d2e62e3536,f561d2e62e3591,a561d2e62e373e,d561d2e62e37e2,e561d2e62e3838
a561d2e62e3a7d,c561d2e62e3ad3,e561d2e62e3b78,f561d2e62e3bcd,a561d2e62e3d74,d561d2e62e3e22,e561d2e62e3e78
a561d2e62e40af,c561d2e62e4105,e561d2e62e41b1,f561d2e62e4204,a561d2e62e43be,d561d2e62e446c,e561d2e62e44c2
a561d2e62e4717,c561d2e62e476d,e561d2e62e4820,f561d2e62e486d,a561d2e62e4a13,d561d2e62e4ab7,e561d2e62e4b0d
a561d2e62e4d61,c561d2e62e4db8,e561d2e62e4e65,f561d2e62e4ebc,a561d2e62e5090,d561d2e62e5139,e561d2e62e5199
a561d2e62e541c,c561d2e62e5473,e561d2e62e5515,f561d2e62e5564,a561d2e62e5716,d561d2e62e57c0,e561d2e62e5817
a561d2e62e5a71,c561d2e62e5ac7,e561d2e62e5b75,f561d2e62e5bcc,a561d2e62e5d77,d561d2e62e5e1b,e561d2e62e5e71
a561d2e62e60c6,c561d2e62e6129,e561d2e62e61d4,f561d2e62e622a,a561d2e62e63db,d561d2e62e6480,e561d2e62e64d5
a561d2e62e6726,c561d2e62e677b,e561d2e62e681f,f561d2e62e6875,a561d2e62e6a1c,d561d2e62e6acf,e561d2e62e6b25
a561d2e62e6d70,c561d2e62e6dc5,e561d2e62e6e68,f561d2e62e6ebf,a561d2e62e7066,d561d2e62e7116,e561d2e62e716b
a561d2e62e73bf,c561d2e62e7415,e561d2e62e74be,f561d2e62e7514,a561d2e62e76c6,d561d2e62e7773,e561d2e62e77ca
a561d2e62e7a2d,c561d2e62e7a84,e561d2e62e7b33,f561d2e62e7b8a,a561d2e62e7d2f,d561d2e62e7ddc,e561d2e62e7e32
a561d2e62e808c,c561d2e62e80e2,e561d2e62e8186,f561d2e62e81dc,a561d2e62e838d,d561d2e62e8431,e561d2e62e8487
a561d2e62e86dc,c561d2e62e8732,e561d2e62e87d5,f561d2e62e882b,a561d2e62e89d8,d561d2e62e8a7c,e561d2e62e8ad1
a561d2e62e8d31,c561d2e62e8d88,e561d2e62e8e35,f561d2e62e8e8b,a561d2e62e9032,d561d2e62e90df,e561d2e62e9136
a561d2e62e938a,c561d2e62e93e1,e561d2e62e9484,f561d2e62e94da,a561d2e62e9681,d561d2e62e972f,e561d2e62e9790
a561d2e62e99db,c561d2e62e9a30,e561d2e62e9ade,f561d2e62e9b35,a561d2e62e9ce6,d561d2e62e9d93,e561d2e62e9de0
a561d2e62ea043,c561d2e62ea099,e561d2e62ea147,f561d2e62ea1a9,a561d2e62ea34f,d561d2e62ea3fc,e561d2e62ea452
a561d2e62ea6a0,c561d2e62ea6f9,e561d2e62ea7a6,f561d2e62ea7fc,a561d2e62ea9ae,d561d2e62eaa52,e561d2e62eaaa8
a561d2e62ead10,c561d2e62ead66,e561d2e62eae0a,f561d2e62eae60,a561d2e62eb007,d561d2e62eb0bf,e561d2e62eb10d
a561d2e62eb360,c561d2e62eb3b7,e561d2e62eb45b,f561d2e62eb4b0,a561d2e62eb668,d561d2e62eb714,e561d2e62eb76a
a561d2e62eb9c4,c561d2e62eba1b,e561d2e62ebacd,f561d2e62ebb24,a561d2e62ebccb,d561d2e62ebd6f,e561d2e62ebdc4
a561d2e62ec019,c561d2e62ec06f,e561d2e62ec112,f561d2e62ec168,a561d2e62ec310,d561d2e62ec3be,e561d2e62ec415
a561d2e62ec65f,c561d2e62ec6b4,e561d2e62ec762,f561d2e62ec7b0,a561d2e62ec96f,d561d2e62eca1c,e561d2e62eca7b
a561d2e62eccdc,c561d2e62ecd32,e561d2e62ecdd5,f561d2e62ece2c,a561d2e62ecfa0,d561d2e62ed044,e561d2e62ed09a
a561d2e62ed2f0,c561d2e62ed34f,e561d2e62ed3fc,f561d2e62ed44b,a561d2e62ed5fa,d561d2e62ed69a,e561d2e62ed6ee
a561d2e62ed93f,c561d2e62ed995,e561d2e62eda37,f561d2e62eda85,a561d2e62edc2b,d561d2e62edcdb,e561d2e62edd2f
a561d2e62edf7f,c561d2e62edfd5,e561d2e62ee079,f561d2e62ee0cf,a561d2e62ee280,d561d2e62ee324,e561d2e62ee379
a561d2e62ee5c5,c561d2e62ee61b,e561d2e62ee6ce,f561d2e62ee72e,a561d2e62ee8d5,d561d2e62ee981,e561d2e62ee9d0
a561d2e62eec2d,c561d2e62eec83,e561d2e62eed27,f561d2e62eed7d,a561d2e62eef34,d561d2e62eefe1,e561d2e62ef02e
a561d2e62ef292,c561d2e62ef2e7,e561d2e62ef395,f561d2e62ef3eb,a561d2e62ef59e,d561d2e62ef64a,e561d2e62ef697
a561d2e62ef904,c561d2e62ef95b,e561d2e62ef9ff,f561d2e62efa68,a561d2e62efc1a,d561d2e62efcbe,e561d2e62efd14
a561d2e62eff26,c561d2e62eff83,e561d2e62f002a,f561d2e62f0080,a561d2e62f0228,d561d2e62f02cc,e561d2e62f0321
a561d2e62f057c,c561d2e62f05d1,e561d2e62f0675,f561d2e62f06cb,a561d2e62f0872,d561d2e62f091f,e561d2e62f097b
a561d2e62f0bbd,c561d2e62f0c12,e561d2e62f0cb6,f561d2e62f0cc9,a561d2e62f0e70,d561d2e62f0f1d,e561d2e62f0f6b
a561d2e62f11b5,c561d2e62f120b,e561d2e62f12ae,f561d2e62f130e,a561d2e62f14b6,d561d2e62f1563,e561d2e62f15b1
a561d2e62f1821,c561d2e62f1879,e561d2e62f191c,f561d2e62f1973,a561d2e62f1b1a,d561d2e62f1bbe,e561d2e62f1c14
a561d2e62f1e73,c561d2e62f1ec9,e561d2e62f1f6c,f561d2e62f1fc3,a561d2e62f2169,d561d2e62f2217,e561d2e62f226f
a561d2e62f24c2,c561d2e62f2519,e561d2e62f25c6,f561d2e62f261c,a561d2e62f27c3,d561d2e62f2870,e561d2e62f28be
a561d2e62f2b12,c561d2e62f2b68,e561d2e62f2c17,f561d2e62f2c6c,a561d2e62f2e1d,d561d2e62f2eca,e561d2e62f2f21
a561d2e62f3180,c561d2e62f31d6,e561d2e62f327a,f561d2e62f32d0,a561d2e62f3477,d561d2e62f351c,e561d2e62f3570
a561d2e62f37d0,c561d2e62f3826,e561d2e62f38c9,f561d2e62f391f,a561d2e62f3ac6,d561d2e62f3b88,e561d2e62f3bd9
a561d2e62f3e29,c561d2e62f3e80,e561d2e62f3f2d,f561d2e62f3f84,a561d2e62f4130,d561d2e62f41e4,e561d2e62f4238
a561d2e630024d,c561d2e63002ae,e561d2e630035b,f561d2e63003bc,a561d2e630056e,d561d2e630061b,e561d2e6300671
a561d2e63008d5,c561d2e630092e,e561d2e63009d9,f561d2e6300a30,a561d2e6300be1,d561d2e6300c8f,e561d2e6300ce4
a561d2e6300f3a,c561d2e6300f90,e561d2e630103d,f561d2e630109e,a561d2e6301236,d561d2e63012e2,e561d2e630133a
a561d2e6301598,c561d2e63015ee,e561d2e63016a6,f561d2e63016fc,a561d2e63018b1,d561d2e6301957,e561d2e63019ad
a561d2e6301c11,c561d2e6301c67,e561d2e6301d0a,f561d2e6301d61,a561d2e6301f13,d561d2e6301fbf,e561d2e6302017
a561d2e6302274,c561d2e63022cb,e561d2e6302378,f561d2e63023cf,a561d2e6302580,d561d2e6302637,e561d2e630268e
a561d2e6302902,c561d2e6302957,e561d2e6302a05,f561d2e6302a53,a561d2e6302c02,d561d2e6302cb0,e561d2e6302d06
a561d2e6302f6a,c561d2e6302fcb,e561d2e6303079,f561d2e63030cf,a561d2e6303276,d561d2e630331b,e561d2e630336f
a561d2e63035c5,c561d2e630361b,e561d2e63036c8,f561d2e6303716,a561d2e63038ab,d561d2e630394f,e561d2e63039a8
a561d2e6303c14,c561d2e6303c6a,e561d2e6303d18,f561d2e6303d6e,a561d2e6303f15,d561d2e6303fc3,e561d2e630401a
a561d2e630426f,c561d2e63042c4,e561d2e6304372,f561d2e63043ca,a561d2e630457a,d561d2e6304627,e561d2e630467e
a561d2e63048eb,c561d2e6304942,e561d2e63049e5,f561d2e6304a3b,a561d2e6304bed,d561d2e6304c9a,e561d2e6304ce8
a561d2e6304f59,c561d2e6304fb0,e561d2e630505e,f561d2e63050b4,a561d2e630525b,d561d2e6305308,e561d2e630535f
a561d2e63055b5,c561d2e630560a,e561d2e6305697,f561d2e63056ef,a561d2e63058a0,d561d2e630594e,e561d2e63059a4
a561d2e6305c03,c561d2e6305c5a,e561d2e6305d11,f561d2e6305d68,a561d2e6305f19,d561d2e6305fc3,e561d2e6306018
a561d2e6306285,c561d2e63062dc,e561d2e630637f,f561d2e63063d6,a561d2e6306592,d561d2e630663e,e561d2e6306695
a561d2e63068f4,c561d2e630694a,e561d2e63069ee,f561d2e6306a44,a561d2e6306c00,d561d2e6306cad,e561d2e6306d03
a561d2e6306f4e,c561d2e6306fa5,e561d2e6307052,f561d2e63070a9,a561d2e6307264,d561d2e6307311,e561d2e6307367
a561d2e63075c6,c561d2e6307629,e561d2e63076d9,f561d2e6307730,a561d2e63078e1,d561d2e6307985,e561d2e63079c3
a561d2e6307c26,c561d2e6307c7c,e561d2e6307d29,f561d2e6307d77,a561d2e6307f27,d561d2e6307fdf,e561d2e6308035
a561d2e6308293,c561d2e63082ea,e561d2e630838e,f561d2e63083e3,a561d2e6308594,d561d2e630863b,e561d2e6308694
a561d2e63088ef,c561d2e6308944,e561d2e63089fc,f561d2e6308a51,a561d2e6308c03,d561d2e6308cb0,e561d2e6308d08
a561d2e6308f75,c561d2e6308fcb,e561d2e6309079,f561d2e63090cf,a561d2e630927c,d561d2e6309329,e561d2e6309380
a561d2e63095d2,c561d2e6309625,e561d2e63096c9,f561d2e630971f,a561d2e63098d0,d561d2e6309988,e561d2e63099de
a561d2e6309c34,c561d2e6309c89,e561d2e6309d37,f561d2e6309d8d,a561d2e6309f34,d561d2e6309fe1,e561d2e630a02f
a561d2e630a283,c561d2e630a2da,e561d2e630a386,f561d2e630a3d4,a561d2e630a586,d561d2e630a637,e561d2e630a68d
a561d2e630a8e3,c561d2e630a938,e561d2e630a9dd,f561d2e630aa32,a561d2e630abe3,d561d2e630ac90,e561d2e630acf2
a561d2e630af42,c561d2e630af97,e561d2e630b03b,f561d2e630b090,a561d2e630b242,d561d2e630b2ef,e561d2e630b346
a561d2e630b5a0,c561d2e630b5f6,e561d2e630b6a3,f561d2e630b6ff,a561d2e630b8b6,d561d2e630b95e,e561d2e630b9b4
a561d2e630bc2d,c561d2e630bc96,e561d2e630bd45,f561d2e630bd9b,a561d2e630bf4c,d561d2e630bffa,e561d2e630c050
a561d2e630c2ab,c561d2e630c300,e561d2e630c3a4,f561d2e630c3fa,a561d2e630c5ae,d561d2e630c669,e561d2e630c6be
a561d2e630c90e,c561d2e630c964,e561d2e630ca07,f561d2e630ca5e,a561d2e630cc15,d561d2e630ccbe,e561d2e630cd0a
a561d2e630cf5f,c561d2e630cfb4,e561d2e630d06c,f561d2e630d0c2,a561d2e630d269,d561d2e630d30d,e561d2e630d363
a561d2e630d5bd,c561d2e630d615,e561d2e630d6bb,f561d2e630d712,a561d2e630d8c3,d561d2e630d970,e561d2e630d9c7
a561d2e630dc20,c561d2e630dc77,e561d2e630dd24,f561d2e630dd7b,a561d2e630df36,d561d2e630dfe4,e561d2e630e031
a561d2e630e285,c561d2e630e2db,e561d2e630e389,f561d2e630e3e1,a561d2e630e590,d561d2e630e63d,e561d2e630e68b
a561d2e630e8e8,c561d2e630e940,e561d2e630e9ed,f561d2e630ea43,a561d2e630ebf5,d561d2e630eca1,e561d2e630ecf8
a561d2e630ef66,c561d2e630efbc,e561d2e630f060,f561d2e630f0b6,a561d2e630f268,d561d2e630f31a,e561d2e630f373
a561d2e630f5c5,c561d2e630f61b,e561d2e630f6be,f561d2e630f715,a561d2e630f8c6,d561d2e630f96a,e561d2e630f9c0
a561d2e630fc07,c561d2e630fc55,e561d2e630fcff,f561d2e630fd73,a561d2e630ff25,d561d2e630ffd3,e561d2e6310029
a561d2e6310287,c561d2e63102de,e561d2e6310382,f561d2e63103cf,a561d2e6310580,d561d2e631062c,e561d2e631067a
a561d2e63108d7,c561d2e631092f,e561d2e63109dc,f561d2e6310a32,a561d2e6310bd9,d561d2e6310c91,e561d2e6310cde
a561d2e6310f41,c561d2e6310f97,e561d2e631103b,f561d2e6311091,a561d2e631123e,d561d2e63112a8,e561d2e63112f5
a561d2e631154e,c561d2e63115af,e561d2e6311653,f561d2e63116a8,a561d2e631184f,d561d2e63118fd,e561d2e631194a
a561d2e6311ba9,c561d2e6311bfe,e561d2e6311cac,f561d2e6311cfa,a561d2e6311ea0,d561d2e6311f4c,e561d2e6311fa9
a561d2e63121f3,c561d2e6312254,e561d2e6312300,f561d2e6312358,a561d2e6312515,d561d2e63125c5,e561d2e631261c
a561d2e6312867,c561d2e63128bc,e561d2e631296a,f561d2e63129c5,a561d2e6312b6c,d561d2e6312c1a,e561d2e6312c71
a561d2e6312ecf,c561d2e6312f26,e561d2e6312fd3,f561d2e6313021,a561d2e63131c6,d561d2e6313273,e561d2e63132c1
a561d2e631352e,c561d2e6313584,e561d2e6313628,f561d2e631367f,a561d2e6313825,d561d2e63138dd,e561d2e631392a
a561d2e6313b88,c561d2e6313bde,e561d2e6313c89,f561d2e6313cd9,a561d2e6313e82,d561d2e6313f27,e561d2e6313f7e
a561d2e63141dc,c561d2e6314233,e561d2e63142e0,f561d2e6314337,a561d2e63144de,d561d2e6314583,e561d2e63145d7
a561d2e631482e,c561d2e6314883,e561d2e6314930,f561d2e631497e,a561d2e6314b2e,d561d2e6314bdb,e561d2e6314c32
a561d2e6314e9b,c561d2e6314ef1,e561d2e6314f94,f561d2e6314feb,a561d2e63151a6,d561d2e631524b,e561d2e63152a0
a561d2e63154f5,c561d2e631554b,e561d2e63155ee,f561d2e6315645,a561d2e63157f6,d561d2e631589a,e561d2e63158f0
a561d2e6315b4a,c561d2e6315baa,e561d2e6315c4c,f561d2e6315ca4,a561d2e6315e5a,d561d2e6315f07,e561d2e6315f55
a561d2e63161a8,c561d2e63161ff,e561d2e63162a1,f561d2e63162f8,a561d2e63164ab,d561d2e631655c,e561d2e63165b3
a561d2e6316811,c561d2e6316868,e561d2e631690b,f561d2e6316961,a561d2e6316b13,d561d2e6316bb7,e561d2e6316c0c
a561d2e6316e58,c561d2e6316ead,e561d2e6316f65,f561d2e6316fbb,a561d2e631716c,d561d2e6317211,e561d2e6317266
a561d2e63174c4,c561d2e631751b,e561d2e63175be,f561d2e6317615,a561d2e63177bc,d561d2e6317860,e561d2e63178b6
a561d2e6317b1f,c561d2e6317b76,e561d2e6317c20,f561d2e6317c7c,a561d2e6317f70,d561d2e631802b,e561d2e631807d
a561d2e63182ca,c561d2e631831f,e561d2e63183b1,f561d2e63183fb,a561d2e63185b1,d561d2e631865a,e561d2e63186b0
a561d2e6318907,c561d2e6318960,e561d2e6318a05,f561d2e6318a58,a561d2e6318bf8,d561d2e6318c9a,e561d2e6318cee
a561d2e6318f33,c561d2e6318f89,e561d2e6318fed,f561d2e6319037,a561d2e63191ca,d561d2e6319272,e561d2e63192ce
a561d2e6319518,c561d2e6319566,e561d2e6319608,f561d2e631965e,a561d2e6319805,d561d2e63198a3,e561d2e63198fa
a561d2e6319b3a,c561d2e6319b8d,e561d2e6319c2e,f561d2e6319c87,a561d2e6319e27,d561d2e6319ec5,e561d2e6319f16
a561d2e631a16d,c561d2e631a1c3,e561d2e631a267,f561d2e631a2bd,a561d2e631a46e,d561d2e631a51c,e561d2e631a56a
a561d2e631a7cc,c561d2e631a822,e561d2e631a8d0,f561d2e631a926,a561d2e631aacd,d561d2e631ab75,e561d2e631abc3
a561d2e631ae17,c561d2e631ae6d,e561d2e631af1e,f561d2e631af6f,a561d2e631b118,d561d2e631b1c5,e561d2e631b21c
a561d2e631b4ba,c561d2e631b515,e561d2e631b5cb,f561d2e631b619,a561d2e631b7c5,d561d2e631b875,e561d2e631b8cf
a561d2e631bb30,c561d2e631bb87,e561d2e631bc2a,f561d2e631bc80,a561d2e631be27,d561d2e631bede,e561d2e631bf65
a561d2e631c1c9,c561d2e631c223,e561d2e631c2d8,f561d2e631c332,a561d2e631c4e2,d561d2e631c586,e561d2e631c5dc
a561d2e631c827,c561d2e631c87d,e561d2e631c920,f561d2e631c976,a561d2e631cb2c,d561d2e631cbda,e561d2e631cc30
a561d2e631ce8f,c561d2e631cef1,e561d2e631cf94,f561d2e631cfe9,a561d2e631d190,d561d2e631d23e,e561d2e631d294
a561d2e631d4e5,c561d2e631d53a,e561d2e631d5e8,f561d2e631d63f,a561d2e631d7e5,d561d2e631d894,e561d2e631d8e9
a561d2e631db37,c561d2e631db90,e561d2e631dc3d,f561d2e631dc8a,a561d2e631de49,d561d2e631deee,e561d2e631df44
a561d2e631e18e,c561d2e631e1e4,e561d2e631e297,f561d2e631e2e4,a561d2e631e489,d561d2e631e52f,e561d2e631e584
a561d2e631e7e7,c561d2e631e83d,e561d2e631e8eb,f561d2e631e939,a561d2e631eae9,d561d2e631eb97,e561d2e631ebed
a561d2e631ee50,c561d2e631eea7,e561d2e631ef55,f561d2e631efab,a561d2e631f152,d561d2e631f209,e561d2e631f263
a561d2e631f48b,c561d2e631f4e2,e561d2e631f58f,f561d2e631f5e7,a561d2e631f79e,d561d2e631f84a,e561d2e631f898
a561d2e631faeb,c561d2e631fb47,e561d2e631fbeb,f561d2e631fc40,a561d2e631fde1,d561d2e631fe8f,e561d2e631fedd
a561d2e632014f,c561d2e63201a6,e561d2e6320233,f561d2e632028b,a561d2e6320434,d561d2e63204db,e561d2e6320531
a561d2e6320794,c561d2e63207eb,e561d2e6320898,f561d2e63208e6,a561d2e6320a9b,d561d2e6320b49,e561d2e6320b9f
a561d2e6320dd9,c561d2e6320e31,e561d2e6320ed3,f561d2e6320f2f,a561d2e63210e0,d561d2e6321185,e561d2e63211dd
a561d2e6321443,c561d2e6321499,e561d2e6321546,f561d2e6321594,a561d2e632173a,d561d2e63217e7,e561d2e6321835
a561d2e6321a8e,c561d2e6321ae3,e561d2e6321b87,f561d2e6321bde,a561d2e6321d84,d561d2e6321e37,e561d2e6321e85
a561d2e63220e2,c561d2e6322139,e561d2e63221dc,f561d2e6322232,a561d2e63223d9,d561d2e632247e,e561d2e63224d3
a561d2e632272d,c561d2e6322783,e561d2e632283b,f561d2e6322891,a561d2e6322a39,d561d2e6322ae7,e561d2e6322b3d
a561d2e6322d9f,c561d2e6322df7,e561d2e6322ea4,f561d2e6322efd,a561d2e63230af,d561d2e632315d,e561d2e63231ab
a561d2e6323404,c561d2e632345a,e561d2e63234fe,f561d2e6323553,a561d2e63236f6,d561d2e63237a3,e561d2e63237f1
a561d2e6323a4e,c561d2e6323aa5,e561d2e6323b48,f561d2e6323ba1,a561d2e6323d5a,d561d2e6323e07,e561d2e6323e55
a561d2e63240b2,c561d2e632410b,e561d2e63241c5,f561d2e632421c,a561d2e63243a5,d561d2e6324452,e561d2e63244a9
a561d2e6324708,c561d2e632475e,e561d2e6324801,f561d2e6324857,a561d2e63249fe,d561d2e6324ab1,e561d2e6324b08
a561d2e6324d67,c561d2e6324dbc,e561d2e6324e6a,f561d2e6324ec1,a561d2e6325072,d561d2e6325120,e561d2e6325176
a561d2e63253de,c561d2e6325435,e561d2e63254de,f561d2e6325534,a561d2e63256db,d561d2e6325780,e561d2e63257d5
a561d2e6325a2a,c561d2e6325a80,e561d2e6325b23,f561d2e6325b7a,a561d2e6325d2b,d561d2e6325dd0,e561d2e6325e25
a561d2e6326083,c561d2e63260dd,e561d2e632617e,f561d2e63261d3,a561d2e632637a,d561d2e6326432,e561d2e6326488
a561d2e63266dd,c561d2e6326733,e561d2e63267d7,f561d2e632682d,a561d2e63269e5,d561d2e6326a94,e561d2e6326ae7
a561d2e6326d46,c561d2e6326da3,e561d2e6326e49,f561d2e6326ea1,a561d2e6327048,d561d2e63270f5,e561d2e632714c
a561d2e63273a6,c561d2e63273fb,e561d2e632749e,f561d2e63274f5,a561d2e63276a7,d561d2e632774b,e561d2e63277a6
a561d2e63279fd,c561d2e6327a5f,e561d2e6327b03,f561d2e6327b59,a561d2e6327d0c,d561d2e6327db7,e561d2e6327e06
a561d2e6328063,c561d2e63280b9,e561d2e6328167,f561d2e63281c3,a561d2e632834b,d561d2e6328427,e561d2e632847d
a561d2e63286d3,c561d2e6328727,e561d2e63287cc,f561d2e6328827,a561d2e63289da,d561d2e6328a8a,e561d2e6328ae1
a561d2e6328d45,c561d2e6328d9b,e561d2e6328e48,f561d2e6328e97,a561d2e632903c,d561d2e63290ee,e561d2e632913c
a561d2e6329399,c561d2e63293f0,e561d2e632949d,f561d2e63294f3,a561d2e632969b,d561d2e632973f,e561d2e6329795
a561d2e6329b81,c561d2e6329bd7,e561d2e6329c8a,f561d2e6329ce0,a561d2e6329e88,d561d2e6329f35,e561d2e6329f8b
a561d2e632a1e6,c561d2e632a23b,e561d2e632a2e8,f561d2e632a336,a561d2e632a4dc,d561d2e632a925,e561d2e632a97b
a561d2e632abde,c561d2e632ac35,e561d2e632ace2,f561d2e632ad39,a561d2e632aee1,d561d2e632af92,e561d2e632afea
a561d2e632b23e,c561d2e632b294,e561d2e632b338,f561d2e632b38e,a561d2e632b53f,d561d2e632b5ec,e561d2e632b63a
a561d2e632b88f,c561d2e632b8f3,e561d2e632b9a0,f561d2e632b9f7,a561d2e632bba8,d561d2e632bc4c,e561d2e632bca2
a561d2e632bef6,c561d2e632bf4d,e561d2e632bff9,f561d2e632c050,a561d2e632c202,d561d2e632c2a6,e561d2e632c300
a561d2e632c53b,c561d2e632c587,e561d2e632c635,f561d2e632c683,a561d2e632c830,d561d2e632c8dc,e561d2e632c934
a561d2e632cb87,c561d2e632cbdc,e561d2e632cc85,f561d2e632ccd2,a561d2e632ce82,d561d2e632cf30,e561d2e632cf86
a561d2e632d1d0,c561d2e632d227,e561d2e632d2d4,f561d2e632d32b,a561d2e632d4d2,d561d2e632d57f,e561d2e632d5d6
a561d2e632d83a,c561d2e632d890,e561d2e632d933,f561d2e632d98a,a561d2e632db3b,d561d2e632dbe8,e561d2e632dc3f
a561d2e632de94,c561d2e632deea,e561d2e632df8d,f561d2e632dfe4,a561d2e632e19b,d561d2e632e247,e561d2e632e295
a561d2e632e4e8,c561d2e632e549,e561d2e632e5ed,f561d2e632e642,a561d2e632e7f4,d561d2e632e8a1,e561d2e632e8ee
a561d2e632eb4d,c561d2e632eba3,e561d2e632ec51,f561d2e632eca7,a561d2e632ee4e,d561d2e632eefb,e561d2e632eff9
a561d2e632f263,c561d2e632f2ba,e561d2e632f35c,f561d2e632f3b4,a561d2e632f560,d561d2e632f60d,e561d2e632f663
a561d2e632f8c2,c561d2e632f919,e561d2e632f9c6,f561d2e632fa21,a561d2e632fbc9,d561d2e632fc75,e561d2e632fccc
a561d2e632ff31,c561d2e632ff86,e561d2e633002a,f561d2e6330080,a561d2e6330232,d561d2e63302df,e561d2e6330336
a561d2e6330580,c561d2e63305d6,e561d2e6330685,f561d2e63306dd,a561d2e6330882,d561d2e6330939,e561d2e633098f
a561d2e6330bdb,c561d2e6330c30,e561d2e6330cd4,f561d2e6330d2a,a561d2e6330edb,d561d2e6330f88,e561d2e6330fd6
a561d2e633122a,c561d2e6331280,e561d2e6331338,f561d2e6331390,a561d2e633153f,d561d2e63315ec,e561d2e6331643
a561d2e63318af,c561d2e6331903,e561d2e63319b0,f561d2e63319fd,a561d2e6331bb4,d561d2e6331c60,e561d2e6331cb6
a561d2e6331f24,c561d2e6331f7b,e561d2e633201f,f561d2e6332074,a561d2e6332227,d561d2e63322d3,e561d2e6332321
a561d2e6332574,c561d2e63325cb,e561d2e6332657,f561d2e63326a7,a561d2e6332852,d561d2e63328ff,e561d2e6332955
a561d2e6332bb5,c561d2e6332c0c,e561d2e6332cb3,f561d2e6332d0a,a561d2e6332eb1,d561d2e6332f5e,e561d2e6332fb5
a561d2e6333218,c561d2e633326f,e561d2e6333313,f561d2e6333369,a561d2e6333510,d561d2e63335bf,e561d2e633361e
a561d2e6333877,c561d2e63338ce,e561d2e6333971,f561d2e63339c7,a561d2e6333b6e,d561d2e6333c0d,e561d2e6333c63
a561d2e6333eb9,c561d2e6333f0e,e561d2e6333fbb,f561d2e6334018,a561d2e63341be,d561d2e6334263,e561d2e63342b8
a561d2e6334511,c561d2e6334528,e561d2e63345dc,f561d2e633462e,a561d2e63347b8,d561d2e633485c,e561d2e63348b1
a561d2e6334b24,c561d2e6334b7a,e561d2e6334c1e,f561d2e6334c71,a561d2e6334e20,d561d2e6334ece,e561d2e6334f24
a561d2e6335179,c561d2e63351cf,e561d2e633527c,f561d2e63352d4,a561d2e633548a,d561d2e6335536,e561d2e633558e
a561d2e63357f1,c561d2e6335849,e561d2e63358f0,f561d2e6335947,a561d2e6335af8,d561d2e6335ba5,e561d2e6335bfb
a561d2e6335e64,c561d2e6335ebb,e561d2e6335f5e,f561d2e6335fb4,a561d2e6336166,d561d2e633620a,e561d2e6336260
a561d2e63364c8,c561d2e633651f,e561d2e63365c2,f561d2e6336618,a561d2e63367da,d561d2e633688f,e561d2e63368e2
a561d2e6336b2e,c561d2e6336b83,e561d2e6336c30,f561d2e6336c8d,a561d2e6336e33,d561d2e6336ee1,e561d2e6336f37
a561d2e633719b,c561d2e63371f1,e561d2e63372a4,f561d2e63372fa,a561d2e633745f,d561d2e6337510,e561d2e6337569
a561d2e63377be,c561d2e6337813,e561d2e63378c1,f561d2e6337917,a561d2e6337abf,d561d2e6337b71,e561d2e6337bc7
a561d2e6337e21,c561d2e6337e77,e561d2e6337f28,f561d2e6337f79,a561d2e633812d,d561d2e63381da,e561d2e6338230
a561d2e6338480,c561d2e63384d5,e561d2e6338583,f561d2e63385da,a561d2e6338796,d561d2e633883a,e561d2e6338877
a561d2e6338ad9,c561d2e6338b30,e561d2e6338bde,f561d2e6338c2b,a561d2e6338dd0,d561d2e6338e75,e561d2e6338ecb
a561d2e6339115,c561d2e6339169,e561d2e633920b,f561d2e6339261,a561d2e633941c,d561d2e63394c9,e561d2e6339516
a561d2e633976a,c561d2e63397bf,e561d2e633986d,f561d2e63398bb,a561d2e6339a66,d561d2e6339b0b,e561d2e6339b60
a561d2e6339db9,c561d2e6339e1a,e561d2e6339ebd,f561d2e6339f13,a561d2e633a0bb,d561d2e633a168,e561d2e633a1b6
a561d2e633a418,c561d2e633a46f,e561d2e633a51c,f561d2e633a56a,a561d2e633a71a,d561d2e633a7c7,e561d2e633a81f
a561d2e633aa69,c561d2e633aabe,e561d2e633ab6c,f561d2e633abba,a561d2e633ad73,d561d2e633ae18,e561d2e633ae6d
a561d2e633b0c3,c561d2e633b118,e561d2e633b1d0,f561d2e633b226,a561d2e633b3d8,d561d2e633b485,e561d2e633b4db
a561d2e633b730,c561d2e633b784,e561d2e633b82f,f561d2e633b885,a561d2e633ba2c,d561d2e633bada,e561d2e633bb30
a561d2e633bd80,c561d2e633bdd6,e561d2e633be83,f561d2e633beda,a561d2e633c080,d561d2e633c138,e561d2e633c18f
a561d2e633c3e8,c561d2e633c43f,e561d2e633c4ed,f561d2e633c543,a561d2e633c6e5,d561d2e633c793,e561d2e633c7e9
a561d2e633ca39,c561d2e633ca8e,e561d2e633cb3d,f561d2e633cb93,a561d2e633cd3f,d561d2e633cde3,e561d2e633ce39
a561d2e633d08e,c561d2e633d0e3,e561d2e633d187,f561d2e633d1e0,a561d2e633d38e,d561d2e633d433,e561d2e633d488
a561d2e633d6e7,c561d2e633d740,e561d2e633d7eb,f561d2e633d841,a561d2e633d9f3,d561d2e633daa0,e561d2e633daf7
a561d2e633dd37,c561d2e633dd8d,e561d2e633de30,f561d2e633de87,a561d2e633e042,d561d2e633e0e7,e561d2e633e13c
a561d2e633e3a0,c561d2e633e3f6,e561d2e633e499,f561d2e633e4f0,a561d2e633e697,d561d2e633e745,e561d2e633e79b
a561d2e633e9f5,c561d2e633ea4b,e561d2e633eaf9,f561d2e633eb56,a561d2e633ecfb,d561d2e633edb8,e561d2e633ee05
a561d2e633f058,c561d2e633f0af,e561d2e633f168,f561d2e633f1bd,a561d2e633f373,d561d2e633f421,e561d2e633f477
a561d2e633f6d6,c561d2e633f72c,e561d2e633f7e4,f561d2e633f83b,a561d2e633f9e2,d561d2e633fa93,e561d2e633fae2
a561d2e633fd49,c561d2e633fda0,e561d2e633fe4d,f561d2e633fea3,a561d2e634004b,d561d2e6340102,e561d2e6340159
a561d2e63403b7,c561d2e634040e,e561d2e63404bb,f561d2e6340509,a561d2e63406ac,d561d2e6340757,e561d2e63407b1
a561d2e63409e9,c561d2e6340a40,e561d2e6340b1a,f561d2e6340b71,a561d2e6340d2d,d561d2e6340dd1,e561d2e6340e26
a561d2e6341074,c561d2e63410d7,e561d2e634117b,f561d2e63411d0,a561d2e6341381,d561d2e634142f,e561d2e6341485
a561d2e63416ee,c561d2e6341745,e561d2e63417f2,f561d2e6341848,a561d2e63419ef,d561d2e6341a94,e561d2e6341aef
a561d2e6341d3a,c561d2e6341d8f,e561d2e6341e3d,f561d2e6341e8a,a561d2e6342049,d561d2e63420f7,e561d2e634214d
a561d2e6342399,c561d2e63423ee,e561d2e634249b,f561d2e63424f4,a561d2e63426a3,d561d2e6342750,e561d2e63427a7
a561d2e63429fc,c561d2e6342a51,e561d2e6342b00,f561d2e6342b56,a561d2e6342cfd,d561d2e6342daa,e561d2e6342e01
a561d2e634306e,c561d2e63430c5,e561d2e6343173,f561d2e63431c9,a561d2e6343371,d561d2e634341e,e561d2e6343474
a561d2e63436c9,c561d2e634371f,e561d2e63437c3,f561d2e6343818,a561d2e63439d0,d561d2e6343a66,e561d2e6343ab4
a561d2e6343cff,c561d2e6343d56,e561d2e6343e03,f561d2e6343e59,a561d2e6344005,d561d2e63440b2,e561d2e6344101
a561d2e6344354,c561d2e63443aa,e561d2e6344457,f561d2e63444af,a561d2e634465f,d561d2e634470d,e561d2e634475a
a561d2e63449aa,c561d2e63449ff,e561d2e6344a92,f561d2e6344aea,a561d2e6344c7c,d561d2e6344d29,e561d2e6344d77
a561d2e6344fda,c561d2e6345030,e561d2e63450dd,f561d2e6345134,a561d2e63452e5,d561d2e6345392,e561d2e63453e9
a561d2e634563b,c561d2e63456a0,e561d2e6345742,f561d2e6345798,a561d2e634594a,d561d2e63459ed,e561d2e6345a43
a561d2e6345ca1,c561d2e6345cf8,e561d2e6345da5,f561d2e6345dfc,a561d2e6345fb2,d561d2e634606a,e561d2e63460c0
a561d2e6346320,c561d2e6346376,e561d2e6346419,f561d2e634646f,a561d2e6346616,d561d2e63466bb,e561d2e6346710
a561d2e6346965,c561d2e63469bb,e561d2e6346a6a,f561d2e6346abf,a561d2e6346c70,d561d2e6346d14,e561d2e6346d69
a561d2e6346fd3,c561d2e634702a,e561d2e63470d7,f561d2e6347124,a561d2e63472ca,d561d2e634736f,e561d2e63473c5
a561d2e634761e,c561d2e6347674,e561d2e6347721,f561d2e634776f,a561d2e6347920,d561d2e63479cc,e561d2e6347a23
a561d2e6347c6e,c561d2e6347cc4,e561d2e6347d68,f561d2e6347df9,a561d2e6347fa2,d561d2e6348045,e561d2e634809b
a561d2e63482e6,c561d2e6348341,e561d2e63483ee,f561d2e6348445,a561d2e63485f6,d561d2e634869b,e561d2e63486f0
a561d2e6348973,c561d2e63489c8,e561d2e6348a76,f561d2e6348acc,a561d2e6348c7e,d561d2e6348d30,e561d2e6348d97
a561d2e6348fe7,c561d2e634903c,e561d2e63490e9,f561d2e6349140,a561d2e634930a,d561d2e63493ae,e561d2e6349404
a561d2e6349654,c561d2e63496aa,e561d2e6349757,f561d2e63497b4,a561d2e634995b,d561d2e63499ff,e561d2e6349a54
a561d2e6349caf,c561d2e6349d07,e561d2e6349db2,f561d2e6349dff,a561d2e6349fa5,d561d2e634a049,e561d2e634a09e
a561d2e634a2ef,c561d2e634a345,e561d2e634a3e9,f561d2e634a43f,a561d2e634a64b,d561d2e634a6f8,e561d2e634a746
a561d2e634a99b,c561d2e634a9f0,e561d2e634aa93,f561d2e634aaea,a561d2e634ac94,d561d2e634ad43,e561d2e634ad91
a561d2e634afe4,c561d2e634b03a,e561d2e634b107,f561d2e634b15d,a561d2e634b304,d561d2e634b3a8,e561d2e634b3fe
a561d2e634b65c,c561d2e634b6b3,e561d2e634b760,f561d2e634b7ae,a561d2e634b969,d561d2e634ba15,e561d2e634ba6c
a561d2e634bc7e,c561d2e634bcd4,e561d2e634bd82,f561d2e634bdd9,a561d2e634bf86,d561d2e634c029,e561d2e634c07f
a561d2e634c2d3,c561d2e634c329,e561d2e634c3d7,f561d2e634c42e,a561d2e634c5e4,d561d2e634c688,e561d2e634c6dd
a561d2e634c928,c561d2e634c984,e561d2e634ca31,f561d2e634ca87,a561d2e634cc34,d561d2e634ccd2,e561d2e634cd2a
a561d2e634cfa5,c561d2e634cffc,e561d2e634d0a9,f561d2e634d0ff,a561d2e634d2b1,d561d2e634d364,e561d2e634d3b1
a561d2e634d604,c561d2e634d65b,e561d2e634d6ff,f561d2e634d758,a561d2e634d91f,d561d2e634d9cd,e561d2e634da1a
a561d2e634dc6e,c561d2e634dcc4,e561d2e634dd77,f561d2e634ddce,a561d2e634df7e,d561d2e634e02c,e561d2e634e083
a561d2e634e2e1,c561d2e634e338,e561d2e634e3e5,f561d2e634e43c,a561d2e634e601,d561d2e634e6ae,e561d2e634e705
a561d2e634e95a,c561d2e634e9af,e561d2e634ea5d,f561d2e634eaab,a561d2e634ec67,d561d2e634ed12,e561d2e634ed69
a561d2e634efbd,c561d2e634f014,e561d2e634f0c0,f561d2e634f118,a561d2e634f2d9,d561d2e634f386,e561d2e634f3df
a561d2e634f636,c561d2e634f691,e561d2e634f734,f561d2e634f790,a561d2e634f937,d561d2e634f9dc,e561d2e634fa31
a561d2e634fc8a,c561d2e634fce1,e561d2e634fd84,f561d2e634fdda,a561d2e634ff89,d561d2e635002f,e561d2e6350087
a561d2e63502e4,c561d2e635033b,e561d2e63503de,f561d2e6350434,a561d2e63505f0,d561d2e635069d,e561d2e63506eb
a561d2e6350924,c561d2e635097a,e561d2e63509fa,f561d2e6350a3c,a561d2e6350be9,d561d2e6350c95,e561d2e6350cec
a561d2e6350f47,c561d2e6350f9e,e561d2e635104a,f561d2e63510a1,a561d2e6351252,d561d2e63512ff,e561d2e6351356
a561d2e63515bf,c561d2e6351616,e561d2e63516c3,f561d2e6351719,a561d2e63518c0,d561d2e635196d,e561d2e63519c4
a561d2e6351c23,c561d2e6351c7b,e561d2e6351d27,f561d2e6351d74,a561d2e6351f24,d561d2e6351fd2,e561d2e6352028
